{
  "AUSTIN" : 65.52592824097093,
  "TRIGANO" : 86.0147402480676,
  "KAWASAKI" : 51.444547996272135,
  "COMMER" : 68.15492200107585,
  "LEYLAND CARS" : 59.201728217261596,
  "POLARIS" : 79.62154294032024,
  "SUZUKI" : 74.22644526730336,
  "HONDA" : 77.42344489418494,
  "CADILLAC" : 80.52474261042843,
  "PORSCHE" : 82.49347755009441,
  "ASTON MARTIN" : 89.09892312832507,
  "PERODUA" : 76.9386132657227,
  "VANDEN PLAS" : 73.19148936170212,
  "RENAULT TRUCKS" : 87.48486071861122,
  "COLT" : 63.333333333333336,
  "MERCURY" : 74.9648382559775,
  "MORRIS" : 69.47429472600373,
  "CARBODIES" : 56.688212094653814,
  "BRISTOL" : 88.62815884476534,
  "ROLLS ROYCE" : 82.64775476919375,
  "LEYLAND" : 64.92734478203434,
  "ISUZU TRUCKS" : 56.67613636363637,
  "FREIGHT ROVER" : 58.20343885585731,
  "MARCOS" : 80.60010346611485,
  "FIAT" : 65.3275731340513,
  "DINLI" : 75.6079027355623,
  "DODGE" : 75.59851301115242,
  "DATSUN" : 66.60218322509327,
  "ROVER" : 64.27698424716895,
  "LANCIA" : 68.01950030469226,
  "MORGAN" : 87.77980079254579,
  "BRISTOL (BLMC)" : 81.40174072377462,
  "SSANGYONG" : 61.463308727746416,
  "MERCEDES-BENZ" : 88.96477885254374,
  "LOTUS" : 78.69909329107428,
  "METROCAB" : 55.315547674699765,
  "LEXUS" : 82.43040838177488,
  "RELIANT" : 67.9440839611549,
  "NISSAN" : 70.52654808038734,
  "PONTIAC" : 75.72832123024348,
  "MICROCAR" : 68.9929488338456,
  "IRIS.BUS" : 70.39740470397405,
  "TALBOT" : 59.26199099505719,
  "HUMBER" : 84.94538546778534,
  "BUICK" : 84.01067932364283,
  "PLYMOUTH" : 84.43548387096774,
  "SUNBEAM" : 82.66137603627861,
  "YAMAHA" : 76.76939943963941,
  "LEYLAND AM" : 58.23429541595925,
  "DAF TRUCKS" : 93.30254041570439,
  "DAEWOO" : 62.477447749270056,
  "LDV" : 58.5584153455593,
  "OPEL" : 67.05503102890397,
  "TRIUMPH" : 72.97112023972123,
  "IVECO" : 63.579250469002226,
  "ISUZU" : 66.34027184792194,
  "AUDI" : 74.3969547453104,
  "DODGE (USA)" : 71.94784061922772,
  "LAMBORGHINI" : 89.11387329591018,
  "BAROSSA" : 75.36127167630057,
  "KIA" : 73.88439348459742,
  "PEUGEOT" : 66.1930195340189,
  "VAUXHALL" : 66.47427638536573,
  "TVR" : 78.11911376109492,
  "CATERHAM" : 88.0896802562293,
  "VOLVO" : 69.33707151464499,
  "WOLSELEY" : 79.18400578975937,
  "MCC" : 71.85170885650977,
  "TOYOTA" : 79.22712731302943,
  "VOLKSWAGEN" : 71.32482150340019,
  "SAAB" : 74.04311932864843,
  "SUBARU" : 76.34616363762169,
  "SMC" : 75.98386872479489,
  "LAND ROVER" : 70.76898056237873,
  "BMW" : 71.80360816235854,
  "JENSEN" : 77.1630615640599,
  "UNCLASSIFIED" : 66.41157908323356,
  "RENAULT" : 61.55542195253807,
  "SKODA" : 75.00116192551312,
  "CHEVROLET GMC" : 76.96041399108559,
  "HYUNDAI" : 73.92499845999758,
  "AUSTIN HEALEY" : 83.73293564299644,
  "IVECO-FORD" : 62.41103593708813,
  "CHRYSLER" : 65.89588586158126,
  "SMART" : 80.53601274160883,
  "ASIA" : 55.64320388349515,
  "PGO" : 75.98710717163578,
  "JEEP" : 71.32641388941522,
  "LINCOLN" : 66.99567587892462,
  "PANTHER" : 74.73031283710895,
  "REVA" : 79.05731119442957,
  "OLDSMOBILE" : 82.74137068534267,
  "MG" : 69.07358399297044,
  "DAIMLER" : 74.89200233508464,
  "GINETTA" : 81.73302107728337,
  "DAIHATSU" : 69.45544955069896,
  "SEAT" : 72.77941082825444,
  "CHEVROLET" : 80.56353221136607,
  "MASERATI" : 79.87099459009572,
  "WESTFIELD" : 86.53860812561933,
  "JAGUAR" : 76.78513210528365,
  "LEYLAND DAF" : 51.74708818635607,
  "MERCEDES" : 74.86769565548744,
  "ABARTH" : 81.74981198295312,
  "AIXAM" : 64.56949492417596,
  "FERRARI" : 88.71372905829064,
  "ALFA ROMEO" : 64.5686981792843,
  "TATA" : 49.53582635983263,
  "BEDFORD" : 56.80507296733843,
  "RILEY" : 86.04282315622523,
  "MITSUBISHI" : 69.93900109121975,
  "AUSTIN MORRIS" : 55.234788226268826,
  "FORD" : 67.38835121840803,
  "CITROEN" : 68.08391684653603,
  "LADA" : 54.89321007331846,
  "BENTLEY" : 87.09030616179533,
  "PROTON" : 64.23419467036732,
  "CI MOTORHOME" : 86.2887562045896,
  "SANTANA" : 65.36502546689304,
  "LONDON TAXIS INT" : 62.83002811500221,
  "AUTO-TRAIL" : 86.09600563358241,
  "HILLMAN" : 78.3085975234917,
  "MINI" : 80.42956396257078,
  "MAZDA" : 73.92131227750234,
  "PIAGGIO" : 64.08647140864714,
  "SINGER" : 84.7467608951708
}